Event Name,Date,Time,Location
From: Amherst College Daily Mammoth <noreply@amherst.edu>,"Date: Fri, Oct 11, 2024 at 8:00 AM",8:00 AM,N/A
"Date: Fri, Oct 11, 2024 at 8:00 AM","Subject: Amherst College Daily Mammoth for Friday, October 11, 2024",N/A,N/A
,"[image: Mammoth] Amherst College Daily Mammoth Friday, October 11, 2024",N/A,N/A
More... <https://www.amherst.edu/mm/632126> CHEMINAR - Senior Thesis Talks,"(Week 2 of 5) Friday, October 11, 2024; Science Center A011, Kirkpatrick",N/A,Science Center
Core/Shell Quantum Dots (Thesis Advisor: Prof Jacob Olshansky),"Physics & Astronomy Colloquium: Aurelia Ball October 8, 2024 Science",N/A,N/A
,"Starting Friday, October 11th, select reserve items can have due dates",N/A,N/A
Please select the following link for more information regarding upcoming,"window inspections at Webster Hall scheduled for Monday, October 14, 2024.",N/A,Webster Hall
Museums & Performances Prof. Jason Robinson Performs Ancestral Numbers at,"The Drake (Thursday, Oct 17) Thursday, October 17, The Drake, 7:30 P.M.",N/A,Drake
"came here to weep: A conversation with the artist Yanira Castro Thursday,","October 17 at 4:30, Friendly Reading Room, Frost Library (1st floor)",N/A,Frost Library
"colleagues from Amherst College, Hampshire College, Mount Holyoke College,","and Smith College, is hosting a series of panel discussions every Monday",N/A,N/A
,"Monday, October 14, 6pm: Media Influence and Consumer Literacy",N/A,N/A
More... <https://www.umass.edu/election/> Queers will not be talking this,Friday No Queer Talk October 11th!,N/A,N/A
,"Because of October break, there will be no Queer Talk this Friday, October",N/A,N/A
Enjoy your break!!,"Baewatch: Beauty Standards at Amherst Friday, October 11th from 12:30-2 pm",N/A,N/A
Want to help plan Amherst's first outdoor Pride festival? Submit interest,form by Wed 10/23 at 11:59pm,N/A,N/A
More... <https://tinyurl.com/REWPEapply> Fall Break Wellness & Fitness,Class Schedule Monday 10/14 - Tuesday 10/15,N/A,N/A
,Fall Break Schedule for Monday and Tuesday:,N/A,N/A
,Monday ~ Yoga & Barre are both cancelled; Mat Pilates will happen on Zoom!,N/A,N/A
Your Amherst Experiences as an Admission Office Blogger! Applications are,open on Workday from now until October 11 at 5 PM.,5 PM,N/A
